value,count,share
Desktop,17,0.4722222222222222
Mobile,15,0.4166666666666667
