{
  "ds1": {
    "dataset_file": "S07-hw-dataset-01.csv",
    "KMeans": {
      "silhouette": 0.5216395622404242,
      "davies_bouldin": 0.6853295219054459,
      "calinski_harabasz": 11786.95462267153,
      "noise_share": 0.0,
      "evaluated_on": "all",
      "n_clusters": 2,
      "n_noise": 0,
      "k": 2
    },
    "DBSCAN": {
      "silhouette": 0.5216395622404242,
      "davies_bouldin": 0.6853295219054459,
      "calinski_harabasz": 11786.95462267153,
      "noise_share": 0.0,
      "evaluated_on": "all",
      "n_clusters": 2,
      "n_noise": 0,
      "eps": 1.7,
      "min_samples": 5
    },
    "Agglomerative": {
      "silhouette": 0.5216395622404242,
      "davies_bouldin": 0.6853295219054459,
      "calinski_harabasz": 11786.95462267153,
      "noise_share": 0.0,
      "evaluated_on": "all",
      "n_clusters": 2,
      "n_noise": 0,
      "k": 2,
      "linkage": "ward"
    }
  },
  "ds2": {
    "dataset_file": "S07-hw-dataset-02.csv",
    "KMeans": {
      "silhouette": 0.3068610017701601,
      "davies_bouldin": 1.3234721699867644,
      "calinski_harabasz": 3573.3933329348392,
      "noise_share": 0.0,
      "evaluated_on": "all",
      "n_clusters": 2,
      "n_noise": 0,
      "k": 2
    },
    "DBSCAN": {
      "silhouette": 0.5242220792211192,
      "davies_bouldin": 0.5095644996987229,
      "calinski_harabasz": 142.2268795524636,
      "noise_share": 0.0325,
      "evaluated_on": "non-noise",
      "n_clusters": 2,
      "n_noise": 260,
      "eps": 0.9,
      "min_samples": 20
    },
    "Agglomerative": {
      "silhouette": 0.41976775922231674,
      "davies_bouldin": 0.8791287795996852,
      "calinski_harabasz": 395.4825694831712,
      "noise_share": 0.0,
      "evaluated_on": "all",
      "n_clusters": 2,
      "n_noise": 0,
      "k": 2,
      "linkage": "average"
    }
  },
  "ds3": {
    "dataset_file": "S07-hw-dataset-03.csv",
    "KMeans": {
      "silhouette": 0.31554470037825183,
      "davies_bouldin": 1.1577256320598661,
      "calinski_harabasz": 6957.162639510166,
      "noise_share": 0.0,
      "evaluated_on": "all",
      "n_clusters": 3,
      "n_noise": 0,
      "k": 3
    },
    "DBSCAN": {
      "silhouette": 0.35884927942884737,
      "davies_bouldin": 1.132456890510772,
      "calinski_harabasz": 4278.428417950732,
      "noise_share": 0.37706666666666666,
      "evaluated_on": "non-noise",
      "n_clusters": 6,
      "n_noise": 5656,
      "eps": 0.3,
      "min_samples": 20
    },
    "Agglomerative": {
      "silhouette": 0.4252961244445327,
      "davies_bouldin": 0.813802016581118,
      "calinski_harabasz": 8.943143115556799,
      "noise_share": 0.0,
      "evaluated_on": "all",
      "n_clusters": 2,
      "n_noise": 0,
      "k": 2,
      "linkage": "average"
    }
  }
}